year,Elite,Less Selective,Much Less Selective,Selective,Somewhat Selective
2001,0.3915110567189095,0.4071571087650271,0.4303537374996391,0.3903526900279336,0.38491112967378255
2002,0.40228988598320253,0.3976448091851612,0.43919277308824367,0.3899528257677528,0.37005280732695306
2003,0.40113733972202964,0.38730072045201536,0.42387153695751684,0.38110913391729967,0.3704675215974651
2004,0.40164756852434047,0.3802248581344315,0.41039580465692543,0.38097944090107205,0.36262883525871653
2005,0.38813180006194364,0.3745666361117844,0.4016558522043716,0.3797152125373889,0.3508202144835829
2006,0.3815226772432385,0.36237164506762976,0.3969003068820206,0.37580445008802055,0.34220052174030274
2007,0.3885215318949435,0.352043842714597,0.3857664611522112,0.35818504930936385,0.32808542736861623
2008,0.37525172679878793,0.3435381432091665,0.37198198363211915,0.34633513803549537,0.3230160677051392
2009,0.3643424417822049,0.3245142685589601,0.3585167683084439,0.3475792490434833,0.3125671258577058
2010,0.3620137542347054,0.31176811453371184,0.33660188027205457,0.34279250443739634,0.3014548795895708
2011,0.36307659548039645,0.3054736028635317,0.32498363473227937,0.3289191237376853,0.29719422601933954
2012,0.3723905814443339,0.29184803808951465,0.31353792476237785,0.3262639529477246,0.2834094645143116
2013,0.377509491060401,0.28044281140375477,0.3026420117434785,0.3158266580752361,0.28364147249678284
2014,0.38419852195073767,0.27317923105132186,0.28900847634770516,0.30898230321666703,0.27058603215500526
2015,0.38050368566626525,0.26771320214036587,0.28456318480792153,0.305857787877526,0.26755279338341875
2016,0.3898169614272151,0.2584114437990695,0.2698425806811811,0.2950118991490986,0.2568328655931501
2017,0.4030674045488727,0.2542660443271214,0.26347697489399197,0.29907440301610777,0.25199266180785074
2018,0.429572982518269,0.24396639287168526,0.2549243043157427,0.2987014044593076,0.24805498030070045
2019,0.44413272514431035,0.23286048731224668,0.24154562723532633,0.2965565398359735,0.23768988292961132
2020,0.4065187182697467,0.2094605055972472,0.21557879941707556,0.2679287738484873,0.211475787640779
2021,0.473858471249401,0.2056878660176231,0.20806819664812393,0.288166196771086,0.21441248231558543
2022,0.49131464560866983,0.19827012534760352,0.20248676089946885,0.292484110197018,0.21306384557878374
2023,0.5088155188705464,0.19111149430220586,0.19572049180110346,0.28556048682852847,0.20217180965479742
